{"acc": 0.8232696652106893, "loss": 0.09431925990549495, "_timestamp": 1697665549.7337906, "_runtime": 7.134186744689941, "_step": 7, "_wandb": {"runtime": 6}}