{"accuracy": 56.25, "loss": 1.3150200843811035, "_timestamp": 1697666155.0895934, "_runtime": 248.48506140708923, "_step": 77, "_wandb": {"runtime": 52}}